{"cameraMode":{"drawMode":0,"name":"Shaded","section":"Shading Mode"},"sceneLighting":true,"audioPlay":false,"sceneViewState":{"showFog":true,"showMaterialUpdate":false,"showSkybox":true,"showFlares":true,"showImageEffects":true,"showParticleSystems":true},"in2DMode":false,"pivot":{"x":0.03774619102478027,"y":0.7766518592834473,"z":-1.7354540824890137},"rotation":{"x":-0.04089776426553726,"y":0.9400327801704407,"z":-0.31601956486701968,"w":-0.12165345251560211},"size":10.0,"orthographic":false}